Manufacturer,Model,Year
Toyota,Avensis,2005
Audi,Q7,2011
Opel,Astra,2021
Opel,Corsa,2003
Toyota,Camry,2007
Nissan,Micra,2016
Audi,A3,2005
BMW,5 Series,2002
Mercedes,A-Class,2018
Skoda,Octavia,2003
Opel,Crossland,2002
BMW,5 Series,1999
Toyota,Rav4,2023
Toyota,Yaris,2004
Skoda,Rapid,2010
Renault,Scenic,2000
Toyota,Prius,2007
BMW,3 Series,2023
Audi,Q5,2007
Mercedes,S-Class,1997
Renault,Kadjar,2021
Honda,Jazz,2000
Nissan,Navara,2021
Toyota,Yaris,2008
Volkswagen,Golf,2009
Kia,Sorento,2004
Opel,Corsa,1998
Volkswagen,Golf,2002
Renault,Scenic,2002
Toyota,Yaris,2009
Kia,Rio,2001
Toyota,Corolla,2001
Skoda,Fabia,2008
Ford,Explorer,2008
Honda,Accord,2013
Mercedes,C-Class,1999
Toyota,Rav4,2007
BMW,X5,2000
Mercedes,GLA,2003
Ford,Fiesta,1996
Volkswagen,Golf,2000
Renault,Zoe,2018
BMW,X5,2001
Audi,A6,2020
Renault,Megane,2000
Renault,Clio,1995
Kia,Rio,2019
Audi,Q5,1997
Nissan,Navara,2008
Toyota,Yaris,2013
Opel,Crossland,2015
Nissan,Juke,2014
Mercedes,A-Class,2013
Kia,Ceed,2006
Skoda,Fabia,1999
Nissan,Juke,2011
Hyundai,Accent,2014
Skoda,Superb,2015
Honda,Accord,1996
Ford,Mondeo,2013
Audi,A4,1996
Renault,Kadjar,2024
Audi,Q7,2006
Volkswagen,Passat,2010
Ford,Fiesta,2012
Opel,Astra,1999
Volkswagen,Tiguan,2014
Nissan,Micra,2019
Skoda,Kodiaq,2015
Kia,Ceed,2007
Renault,Clio,2006
Honda,Civic,2002
Kia,Sportage,2009
Renault,Megane,1998
Nissan,Micra,2005
Ford,C-Max,2018
Skoda,Rapid,2018
Kia,Sorento,2008
Hyundai,Accent,2010
Skoda,Fabia,2002
Audi,TT,2013
Toyota,Prius,2009
Audi,Q7,2003
Kia,Stinger,2010
Renault,Scenic,2019
Volkswagen,Golf,2006
Skoda,Octavia,1995
Toyota,Corolla,2017
Hyundai,Santa Fe,2021
Mercedes,C-Class,2017
Honda,Insight,2020
Skoda,Octavia,1997
Skoda,Karoq,2014
Audi,A6,2012
Ford,Explorer,2022
Renault,Zoe,2011
Ford,Mustang,2018
Volkswagen,Passat,2019
Ford,Fiesta,1998
Renault,Twingo,2005
Kia,Picanto,2008
Kia,Rio,1997
Audi,TT,2004
Ford,Mondeo,2022
Nissan,Leaf,2010
Volkswagen,Polo,2013
Ford,Mustang,1996
Toyota,Avensis,2001
Honda,Civic,2023
BMW,1 Series,1998
Toyota,Prius,1999
Skoda,Kodiaq,2016
Honda,CR-V,1997
Kia,Sportage,1996
Audi,A3,2006
Volkswagen,Golf,2018
Nissan,Juke,2000
Renault,Kadjar,1998
Volkswagen,Passat,2008
Mercedes,E-Class,2010
Audi,A4,1998
Opel,Insignia,2015
Honda,Insight,2002
Audi,Q7,2005
Ford,C-Max,1997
BMW,i8,2005
Mercedes,GLA,2023
Mercedes,E-Class,1999
Mercedes,S-Class,2012
Renault,Scenic,2009
Volkswagen,Passat,2003
Hyundai,Accent,2006
Hyundai,Tucson,2009
Toyota,Camry,2010
Nissan,Navara,2020
Toyota,Yaris,1999
Volkswagen,Jetta,2021
Nissan,Qashqai,2017
Mercedes,GLA,2017
Ford,Explorer,2005
Nissan,Qashqai,2019
Opel,Insignia,1998
Audi,A3,2011
Hyundai,i20,2012
Audi,A6,2016
Mercedes,C-Class,2022
Opel,Zafira,2002
Honda,HR-V,2017
Honda,Jazz,2011
Renault,Clio,2018
Toyota,Camry,2015
Ford,Focus,2013
Toyota,Corolla,2024
Hyundai,Santa Fe,2018
Mercedes,GLE,2024
Skoda,Karoq,1998
Mercedes,GLA,2015
Hyundai,i30,2015
Kia,Picanto,2024
Mercedes,E-Class,2002
Toyota,Avensis,2011
BMW,X3,2005
Opel,Insignia,2019
Mercedes,A-Class,2006
Kia,Stinger,2017
Skoda,Octavia,2012
Toyota,Rav4,2014
Honda,Accord,2014
Skoda,Rapid,2003
Opel,Mokka,2004
Skoda,Superb,1996
Nissan,GT-R,2010
BMW,5 Series,2003
Hyundai,Elantra,2011
Opel,Astra,2000
Volkswagen,Polo,2000
Skoda,Kodiaq,2001
Nissan,Leaf,2013
Hyundai,i20,2024
Hyundai,Elantra,2010
Honda,CR-V,2002
Ford,Focus,1999
Honda,HR-V,2004
Nissan,Leaf,2009
Honda,Insight,1995
Ford,Mustang,2014
Hyundai,i30,2024
Audi,A4,1997
Toyota,Corolla,2004
BMW,3 Series,2000
Volkswagen,Passat,2001
Toyota,Avensis,2004
Honda,CR-V,2004
Ford,Focus,2000
Toyota,Corolla,2003
Volkswagen,Passat,2004
Honda,CR-V,2000
Hyundai,Tucson,2011
Toyota,Corolla,2002 Skoda,Fabia,2023
